,Sample,F1,F2,F3,F4,F5,F7,F8,F9,Class
count,699.0,699.0,699.0,699.0,699.0,699.0,699.0,699.0,699.0,699.0
mean,1071704.0987124464,4.417739628040057,3.13447782546495,3.207439198855508,2.8068669527896994,3.216022889842632,3.4377682403433476,2.866952789699571,1.5894134477825466,2.6895565092989986
std,617095.7298192447,2.8157406585949305,3.0514591099541906,2.971912767215706,2.85537923921701,2.214299886649033,2.438364252324241,3.0536338936127545,1.7150779425067926,0.951272532212187
min,61634.0,1.0,1.0,1.0,1.0,1.0,1.0,1.0,1.0,2.0
25%,870688.5,2.0,1.0,1.0,1.0,2.0,2.0,1.0,1.0,2.0
50%,1171710.0,4.0,1.0,1.0,1.0,2.0,3.0,1.0,1.0,2.0
75%,1238298.0,6.0,5.0,5.0,4.0,4.0,5.0,4.0,1.0,4.0
max,13454352.0,10.0,10.0,10.0,10.0,10.0,10.0,10.0,10.0,4.0
